{
  "summary": {
    "per_strike_side": {
      "VEV_5200__sell": {
        "n_fires": 887,
        "mean_sell_price_or_buy_price": 101.33483652762119,
        "mean_fair": 111.76355666461562,
        "mean_dev": -8.924210554130836,
        "mean_mean_dev": -15.55806926170993,
        "mean_switch": 6.170220003165771,
        "mean_vega": 176.4974654489218,
        "drift_h50_mean": -1.8788049605411499,
        "drift_h50_std": 3.8433228330067792,
        "drift_h50_pct_favorable": 0.6629086809470124,
        "pnl_per_fire_h50": 0.3742953776775648,
        "total_pnl_h50_unit_size": 332.0,
        "drift_h200_mean": -6.976324689966178,
        "drift_h200_std": 7.496048832693954,
        "drift_h200_pct_favorable": 0.7711386696730552,
        "pnl_per_fire_h200": 5.471815107102593,
        "total_pnl_h200_unit_size": 4853.5,
        "drift_h1000_mean": -7.617249154453213,
        "drift_h1000_std": 17.872062453787287,
        "drift_h1000_pct_favorable": 0.6989853438556933,
        "pnl_per_fire_h1000": 6.1127395715896276,
        "total_pnl_h1000_unit_size": 5422.0
      },
      "VEV_5100__sell": {
        "n_fires": 644,
        "mean_sell_price_or_buy_price": 176.74223602484471,
        "mean_fair": 188.21880820288982,
        "mean_dev": -9.232783358169298,
        "mean_mean_dev": -15.39328559133897,
        "mean_switch": 5.309225614193456,
        "mean_vega": 129.0287091084793,
        "drift_h50_mean": -3.1552795031055902,
        "drift_h50_std": 5.091995372498389,
        "drift_h50_pct_favorable": 0.7236024844720497,
        "pnl_per_fire_h50": 0.9114906832298136,
        "total_pnl_h50_unit_size": 587.0,
        "drift_h200_mean": -9.402950310559007,
        "drift_h200_std": 9.140103929156675,
        "drift_h200_pct_favorable": 0.7996894409937888,
        "pnl_per_fire_h200": 7.15916149068323,
        "total_pnl_h200_unit_size": 4610.5,
        "drift_h1000_mean": -10.716614906832298,
        "drift_h1000_std": 23.170845366386544,
        "drift_h1000_pct_favorable": 0.7065217391304348,
        "pnl_per_fire_h1000": 8.472826086956522,
        "total_pnl_h1000_unit_size": 5456.5
      },
      "VEV_5300__sell": {
        "n_fires": 957,
        "mean_sell_price_or_buy_price": 48.921630094043884,
        "mean_fair": 59.68231597253041,
        "mean_dev": -9.668731855498018,
        "mean_mean_dev": -16.24695616086011,
        "mean_switch": 6.238176609875597,
        "mean_vega": 185.90944854658372,
        "drift_h50_mean": -1.1854754440961337,
        "drift_h50_std": 2.477794291062328,
        "drift_h50_pct_favorable": 0.644723092998955,
        "pnl_per_fire_h50": 0.09352142110762801,
        "total_pnl_h50_unit_size": 89.5,
        "drift_h200_mean": -4.4550679205851615,
        "drift_h200_std": 4.568409343925573,
        "drift_h200_pct_favorable": 0.774294670846395,
        "pnl_per_fire_h200": 3.3631138975966564,
        "total_pnl_h200_unit_size": 3218.5,
        "drift_h1000_mean": -4.745559038662487,
        "drift_h1000_std": 10.477076672047437,
        "drift_h1000_pct_favorable": 0.7147335423197492,
        "pnl_per_fire_h1000": 3.653605015673981,
        "total_pnl_h1000_unit_size": 3496.5
      },
      "VEV_5000__sell": {
        "n_fires": 371,
        "mean_sell_price_or_buy_price": 268.1617250673854,
        "mean_fair": 278.7717517277577,
        "mean_dev": -7.467169517515075,
        "mean_mean_dev": -12.67261258799412,
        "mean_switch": 3.6918037101249377,
        "mean_vega": 84.61478880246226,
        "drift_h50_mean": -3.789757412398922,
        "drift_h50_std": 5.6032329177164675,
        "drift_h50_pct_favorable": 0.7520215633423181,
        "pnl_per_fire_h50": 0.6469002695417789,
        "total_pnl_h50_unit_size": 240.0,
        "drift_h200_mean": -11.640161725067385,
        "drift_h200_std": 10.030791996740957,
        "drift_h200_pct_favorable": 0.8544474393530997,
        "pnl_per_fire_h200": 8.497304582210242,
        "total_pnl_h200_unit_size": 3152.5,
        "drift_h1000_mean": -10.332884097035041,
        "drift_h1000_std": 23.974346583211307,
        "drift_h1000_pct_favorable": 0.6981132075471698,
        "pnl_per_fire_h1000": 7.190026954177897,
        "total_pnl_h1000_unit_size": 2667.5
      },
      "VEV_5400__sell": {
        "n_fires": 983,
        "mean_sell_price_or_buy_price": 16.152594099694813,
        "mean_fair": 29.31911730469874,
        "mean_dev": -12.470694110395586,
        "mean_mean_dev": -18.08527430941323,
        "mean_switch": 5.391213632391315,
        "mean_vega": 149.60383947298774,
        "drift_h50_mean": -0.58646998982706,
        "drift_h50_std": 1.2417344034787754,
        "drift_h50_pct_favorable": 0.6134282807731435,
        "pnl_per_fire_h50": -0.10935910478128179,
        "total_pnl_h50_unit_size": -107.5,
        "drift_h200_mean": -2.0249237029501526,
        "drift_h200_std": 2.0984281211689257,
        "drift_h200_pct_favorable": 0.7690742624618515,
        "pnl_per_fire_h200": 1.3290946083418107,
        "total_pnl_h200_unit_size": 1306.5,
        "drift_h1000_mean": -2.117497456765005,
        "drift_h1000_std": 4.856146402826627,
        "drift_h1000_pct_favorable": 0.7253306205493387,
        "pnl_per_fire_h1000": 1.4216683621566633,
        "total_pnl_h1000_unit_size": 1397.5
      },
      "VEV_5500__sell": {
        "n_fires": 876,
        "mean_sell_price_or_buy_price": 5.9771689497716896,
        "mean_fair": 14.946943442581599,
        "mean_dev": -8.386441159476576,
        "mean_mean_dev": -12.976357619243085,
        "mean_switch": 4.371029342678118,
        "mean_vega": 103.18980556667861,
        "drift_h50_mean": -0.261986301369863,
        "drift_h50_std": 0.6388598270898522,
        "drift_h50_pct_favorable": 0.4737442922374429,
        "pnl_per_fire_h50": -0.3213470319634703,
        "total_pnl_h50_unit_size": -281.5,
        "drift_h200_mean": -0.8955479452054794,
        "drift_h200_std": 0.9024997899398578,
        "drift_h200_pct_favorable": 0.7180365296803652,
        "pnl_per_fire_h200": 0.3122146118721461,
        "total_pnl_h200_unit_size": 273.5,
        "drift_h1000_mean": -0.8658675799086758,
        "drift_h1000_std": 1.953894116341377,
        "drift_h1000_pct_favorable": 0.658675799086758,
        "pnl_per_fire_h1000": 0.2825342465753425,
        "total_pnl_h1000_unit_size": 247.5
      },
      "VEV_5100__buy": {
        "n_fires": 1,
        "mean_sell_price_or_buy_price": 153.0,
        "mean_fair": 152.28470646876622,
        "mean_dev": 0.21529353123378314,
        "mean_mean_dev": 1.239043374475006,
        "mean_switch": 0.8207582588616946,
        "mean_vega": 136.4581246333715,
        "drift_h50_mean": 12.5,
        "drift_h50_std": NaN,
        "drift_h50_pct_favorable": 1.0,
        "pnl_per_fire_h50": 12.0,
        "total_pnl_h50_unit_size": 12.0,
        "drift_h200_mean": 11.0,
        "drift_h200_std": NaN,
        "drift_h200_pct_favorable": 1.0,
        "pnl_per_fire_h200": 10.5,
        "total_pnl_h200_unit_size": 10.5,
        "drift_h1000_mean": 27.0,
        "drift_h1000_std": NaN,
        "drift_h1000_pct_favorable": 1.0,
        "pnl_per_fire_h1000": 26.5,
        "total_pnl_h1000_unit_size": 26.5
      },
      "VEV_5000__buy": {
        "n_fires": 1,
        "mean_sell_price_or_buy_price": 272.0,
        "mean_fair": 273.59768609201546,
        "mean_dev": -2.597686092015465,
        "mean_mean_dev": -0.7292224737055664,
        "mean_switch": 0.8745623724069915,
        "mean_vega": 35.98460931910704,
        "drift_h50_mean": -4.5,
        "drift_h50_std": NaN,
        "drift_h50_pct_favorable": 0.0,
        "pnl_per_fire_h50": -5.5,
        "total_pnl_h50_unit_size": -5.5,
        "drift_h200_mean": -19.0,
        "drift_h200_std": NaN,
        "drift_h200_pct_favorable": 0.0,
        "pnl_per_fire_h200": -20.0,
        "total_pnl_h200_unit_size": -20.0,
        "drift_h1000_mean": -13.0,
        "drift_h1000_std": NaN,
        "drift_h1000_pct_favorable": 0.0,