{
  "test_seed": 10000061,
  "test_sessions": 30,
  "results": {
    "0": {
      "score": 9367.787044270834,
      "n_sessions": 30,
      "pnl_mean": 9367.787044270834,
      "pnl_std": 289.4299880434556,
      "parts": {
        "mean_pnl": 9367.787044270834
      },
      "symbol_means": {
        "ASH_COATED_OSMIUM": 1963.7557942708333,
        "INTARIAN_PEPPER_ROOT": 7404.03125
      }
    },
    "3": {
      "score": 9367.787044270834,
      "n_sessions": 30,
      "pnl_mean": 9367.787044270834,
      "pnl_std": 289.4299880434556,
      "parts": {
        "mean_pnl": 9367.787044270834
      },
      "symbol_means": {
        "ASH_COATED_OSMIUM": 1963.7557942708333,
        "INTARIAN_PEPPER_ROOT": 7404.03125
      }
    },
    "6": {
      "score": 9368.2537109375,
      "n_sessions": 30,
      "pnl_mean": 9368.2537109375,
      "pnl_std": 289.0105727376114,
      "parts": {
        "mean_pnl": 9368.2537109375
      },
      "symbol_means": {
        "ASH_COATED_OSMIUM": 1963.7557942708333,
        "INTARIAN_PEPPER_ROOT": 7404.497916666666
      }
    },
    "7": {
      "score": 9367.787044270834,
      "n_sessions": 30,
      "pnl_mean": 9367.787044270834,
      "pnl_std": 289.4299880434556,
      "parts": {
        "mean_pnl": 9367.787044270834
      },
      "symbol_means": {
        "ASH_COATED_OSMIUM": 1963.7557942708333,
        "INTARIAN_PEPPER_ROOT": 7404.03125
      }
    },
    "8": {
      "score": 9367.787044270834,
      "n_sessions": 30,
      "pnl_mean": 9367.787044270834,
      "pnl_std": 289.4299880434556,
      "parts": {
        "mean_pnl": 9367.787044270834
      },
      "symbol_means": {
        "ASH_COATED_OSMIUM": 1963.7557942708333,
        "INTARIAN_PEPPER_ROOT": 7404.03125
      }
    }
  }
}