{
  "GALAXY_SOUNDS_PLANETARY_RINGS": {
    "mean_p1": 0.01936486420035825,
    "mean_p1_to_p2": -0.7083233181033063,
    "mean_p1_to_p3": -0.5476640357130208,
    "mean_p1_to_p5": -0.2206725560104692,
    "t_p1_to_p2": -1.734794977645522,
    "n": 733,
    "sign_p1_to_p2_3d": -3
  },
  "PANEL_4X4": {
    "mean_p1": 0.19707366154402695,
    "mean_p1_to_p2": -0.5738578253419534,
    "mean_p1_to_p3": -0.7461062333072336,
    "mean_p1_to_p5": -1.4044056545728123,
    "t_p1_to_p2": -1.6038410487165056,
    "n": 733,
    "sign_p1_to_p2_3d": -1
  },
  "PANEL_1X4": {
    "mean_p1": -0.052509825241543275,
    "mean_p1_to_p2": -0.5703831508928083,
    "mean_p1_to_p3": -0.9061097545417564,
    "mean_p1_to_p5": -0.431718242498585,
    "t_p1_to_p2": -1.6669382427505302,
    "n": 733,
    "sign_p1_to_p2_3d": -3
  },
  "GALAXY_SOUNDS_SOLAR_WINDS": {
    "mean_p1": -0.3781612278379723,
    "mean_p1_to_p2": -0.5537271270199386,
    "mean_p1_to_p3": -0.38048314501262176,
    "mean_p1_to_p5": -0.8794512138342364,
    "t_p1_to_p2": -1.4516030263074675,
    "n": 733,
    "sign_p1_to_p2_3d": -3
  },
  "PANEL_2X2": {
    "mean_p1": 0.2542817902313939,
    "mean_p1_to_p2": -0.45927059552535,
    "mean_p1_to_p3": -0.5856876603081561,
    "mean_p1_to_p5": -0.6290585211020243,
    "t_p1_to_p2": -1.2962002969875337,
    "n": 733,
    "sign_p1_to_p2_3d": -1
  },
  "GALAXY_SOUNDS_BLACK_HOLES": {
    "mean_p1": -0.1560361490486305,
    "mean_p1_to_p2": -0.44280662335960846,
    "mean_p1_to_p3": -0.5457746045402606,
    "mean_p1_to_p5": -1.0024835787119182,
    "t_p1_to_p2": -0.9945378216413086,
    "n": 733,
    "sign_p1_to_p2_3d": -3
  },
  "ROBOT_IRONING": {
    "mean_p1": -0.19334166875568035,
    "mean_p1_to_p2": -0.4160520840103285,
    "mean_p1_to_p3": -0.3642120842304057,
    "mean_p1_to_p5": 0.21253848273700884,
    "t_p1_to_p2": -1.2066017918071548,
    "n": 733,
    "sign_p1_to_p2_3d": -1
  },
  "MICROCHIP_RECTANGLE": {
    "mean_p1": -0.04803892611831236,
    "mean_p1_to_p2": -0.381679704334118,
    "mean_p1_to_p3": 0.17078268451556652,
    "mean_p1_to_p5": 1.277046748718783,
    "t_p1_to_p2": -0.6748756931115707,
    "n": 569,
    "sign_p1_to_p2_3d": -3
  },
  "MICROCHIP_TRIANGLE": {
    "mean_p1": -0.4125292780085825,
    "mean_p1_to_p2": -0.31650979018876474,
    "mean_p1_to_p3": 0.14635393361430796,
    "mean_p1_to_p5": -0.3797520573456925,
    "t_p1_to_p2": -0.5116917401806035,
    "n": 569,
    "sign_p1_to_p2_3d": 1
  },
  "GALAXY_SOUNDS_SOLAR_FLAMES": {
    "mean_p1": -0.35738783544143177,
    "mean_p1_to_p2": -0.29483276027304695,
    "mean_p1_to_p3": -0.01756153821553878,
    "mean_p1_to_p5": 0.5661851292895221,
    "t_p1_to_p2": -0.7300931569693689,
    "n": 733,
    "sign_p1_to_p2_3d": -1
  },
  "UV_VISOR_YELLOW": {
    "mean_p1": 0.9897685785525869,
    "mean_p1_to_p2": -0.2342144328663227,
    "mean_p1_to_p3": -0.197950290759751,
    "mean_p1_to_p5": 0.7702491244994648,
    "t_p1_to_p2": -0.5597993334364516,
    "n": 733,
    "sign_p1_to_p2_3d": -1
  },
  "OXYGEN_SHAKE_MORNING_BREATH": {
    "mean_p1": -0.07456685204728497,
    "mean_p1_to_p2": -0.19700402775585601,
    "mean_p1_to_p3": -0.06729440237188157,
    "mean_p1_to_p5": 0.6200972211692878,
    "t_p1_to_p2": -0.524822007662326,
    "n": 733,
    "sign_p1_to_p2_3d": -3
  },
  "PANEL_2X4": {
    "mean_p1": -0.038054401010154164,
    "mean_p1_to_p2": -0.17392608364788895,
    "mean_p1_to_p3": -0.0018346182056765414,
    "mean_p1_to_p5": 0.20927294778950759,
    "t_p1_to_p2": -0.42634351660897263,
    "n": 733,
    "sign_p1_to_p2_3d": -3
  },
  "ROBOT_LAUNDRY": {
    "mean_p1": -0.4208093956440541,
    "mean_p1_to_p2": -0.15599419684044855,
    "mean_p1_to_p3": 0.27513251911662406,
    "mean_p1_to_p5": -0.8636306276809838,
    "t_p1_to_p2": -0.429110649568557,
    "n": 733,
    "sign_p1_to_p2_3d": -1
  },
  "SNACKPACK_RASPBERRY": {
    "mean_p1": -0.11756501130818332,
    "mean_p1_to_p2": -0.14138145182837694,
    "mean_p1_to_p3": 0.28313827275881503,
    "mean_p1_to_p5": 0.4456848701641027,
    "t_p1_to_p2": -0.4586763657394033,
    "n": 733,
    "sign_p1_to_p2_3d": -1
  },
  "PEBBLES_XS": {
    "mean_p1": -0.4393030997111196,
    "mean_p1_to_p2": -0.09975694247029294,
    "mean_p1_to_p3": -0.6946911118511357,
    "mean_p1_to_p5": 0.33202998724810956,
    "t_p1_to_p2": -0.1638383520364245,
    "n": 644,
    "sign_p1_to_p2_3d": -1
  },
  "SNACKPACK_CHOCOLATE": {
    "mean_p1": 0.36966607761639936,
    "mean_p1_to_p2": -0.0826115318367399,
    "mean_p1_to_p3": -0.00034758436090454037,
    "mean_p1_to_p5": 0.12125672629428186,
    "t_p1_to_p2": -0.3357502035504345,
    "n": 733,
    "sign_p1_to_p2_3d": -1
  },
  "SNACKPACK_PISTACHIO": {
    "mean_p1": 0.12406454312841743,
    "mean_p1_to_p2": -0.06881788649589367,
    "mean_p1_to_p3": -0.3528843690542631,
    "mean_p1_to_p5": -0.44206199346089786,
    "t_p1_to_p2": -0.3536404526358369,
    "n": 733,
    "sign_p1_to_p2_3d": -1
  },
  "OXYGEN_SHAKE_CHOCOLATE": {
    "mean_p1": 0.4066055471135333,
    "mean_p1_to_p2": -0.0685120136337799,
    "mean_p1_to_p3": 0.0263206090910435,
    "mean_p1_to_p5": -0.693755652761535,
    "t_p1_to_p2": -0.18535374455057288,
    "n": 733,
    "sign_p1_to_p2_3d": -1
  },
  "MICROCHIP_SQUARE": {
    "mean_p1": -0.15264579460795336,
    "mean_p1_to_p2": -0.04070682256450886,
    "mean_p1_to_p3": -0.4099053847954209,
    "mean_p1_to_p5": -3.1763109443893227,
    "t_p1_to_p2": -0.0460103010472767,
    "n": 569,
    "sign_p1_to_p2_3d": 1
  },
  "TRANSLATOR_ASTRO_BLACK": {
    "mean_p1": 0.1655861565965893,
    "mean_p1_to_p2": -0.02671877681115764,
    "mean_p1_to_p3": -0.2330632573963978,
    "mean_p1_to_p5": -0.4376097727222199,
    "t_p1_to_p2": -0.0752531008237814,
    "n": 733,
    "sign_p1_to_p2_3d": 1
  },
  "GALAXY_SOUNDS_DARK_MATTER": {
    "mean_p1": 0.044729650685970186,
    "mean_p1_to_p2": -0.024573196459096096,
    "mean_p1_to_p3": -0.22251207071629264,
    "mean_p1_to_p5": 0.09371229718240286,
    "t_p1_to_p2": -0.0662539253171316,
    "n": 733,
    "sign_p1_to_p2_3d": 1
  },
  "PEBBLES_XL": {
    "mean_p1": -1.419583492393538,
    "mean_p1_to_p2": -0.0006838911946978055,
    "mean_p1_to_p3": 0.08913957228372542,
    "mean_p1_to_p5": -2.6225544662751754,
    "t_p1_to_p2": -0.0005692286960863247,
    "n": 644,
    "sign_p1_to_p2_3d": 1
  },
  "SNACKPACK_STRAWBERRY": {
    "mean_p1": 0.36509572840553073,
    "mean_p1_to_p2": 0.01078660046470666,
    "mean_p1_to_p3": -0.5503646231470966,
    "mean_p1_to_p5": -0.7105087820249123,
    "t_p1_to_p2": 0.034806991596855304,
    "n": 733,
    "sign_p1_to_p2_3d": -1
  },
  "PEBBLES_L": {
    "mean_p1": 0.662306995670855,
    "mean_p1_to_p2": 0.027676340234515633,
    "mean_p1_to_p3": -0.1691943702163489,
    "mean_p1_to_p5": 0.0626378408964768,
    "t_p1_to_p2": 0.04894539762946223,
    "n": 644,
    "sign_p1_to_p2_3d": 1
  },
  "SLEEP_POD_COTTON": {
    "mean_p1": -0.2662573231533893,
    "mean_p1_to_p2": 0.053399693473783816,
    "mean_p1_to_p3": -0.8304939941287541,
    "mean_p1_to_p5": -0.6986339954598852,
    "t_p1_to_p2": 0.12331153907620075,
    "n": 733,
    "sign_p1_to_p2_3d": -1
  },
  "SNACKPACK_VANILLA": {
    "mean_p1": -0.18262397995097093,
    "mean_p1_to_p2": 0.06417078537628551,
    "mean_p1_to_p3": -0.0875678069758269,
    "mean_p1_to_p5": -0.19531535349526566,
    "t_p1_to_p2": 0.2629868269178489,
    "n": 733,
    "sign_p1_to_p2_3d": 1
  },
  "UV_VISOR_AMBER": {
    "mean_p1": -0.16594804597274276,
    "mean_p1_to_p2": 0.06552487886299889,
    "mean_p1_to_p3": -0.20380833205241553,
    "mean_p1_to_p5": -0.4129546990584719,
    "t_p1_to_p2": 0.21802370113588584,
    "n": 733,
    "sign_p1_to_p2_3d": -1
  },
  "SLEEP_POD_POLYESTER": {
    "mean_p1": -0.7529297943550898,
    "mean_p1_to_p2": 0.07263852911431663,
    "mean_p1_to_p3": -0.3778060095506608,
    "mean_p1_to_p5": 0.18090208603442645,
    "t_p1_to_p2": 0.16229518437763749,
    "n": 733,
    "sign_p1_to_p2_3d": 1
  },
  "PEBBLES_S": {
    "mean_p1": -0.2048352271650463,