{
  "n_completed_trials": 800,
  "n_trials_with_pnl_matrix": 800,
  "best_trial": {
    "number": 294,
    "value": 1.0427870627214848,
    "params": {
      "EMA_ALPHA": 0.00021452912091256507,
      "VAR_ALPHA": 0.028846973112941637,
      "MR_K": 0.311401529720035,
      "MR_MAX_FRAC": 0.7362884880929708,
      "MR_TAKE_Z": 2.439783089556834,
      "MR_TAKE_MAX": 23,
      "MR_MM_LEVEL_SIZE": 17,
      "MR_MM_LEVELS": 1,
      "OBI_SKEW_1": 0.1605715060557478,
      "OBI_SKEW_2": 0.46442414297856033,
      "OBI_SKEW_3": 0.615226068736833,
      "VEV_BASE_SIZE": 12,
      "OBI_CONFIRM_TAKE": true,
      "INCLUDE_5400_MR": true,
      "INCLUDE_5500_MR": false
    }
  },
  "dsr": {
    "sharpe": 1.5171242477087843,
    "probability": 0.0,
    "expected_max_sr_under_null": 3.7604160435619125,
    "n_trials": 800,
    "n_sessions": 100,
    "skew": -0.13156805828300228,
    "kurt_excess": -0.7960389168349264,
    "reasoning": "SR=1.517 vs null-max SR0=3.760; z=-25.92; P(true SR > 0)=0.000. Below the 0.95 threshold \u2014 flag."
  },
  "pbo": {
    "pbo": 0.46875,
    "n_trials": 800,
    "n_sessions": 100,
    "n_partitions_used": 64,
    "reasoning": "best-in-A below median in B: 30/64 partitions \u2192 PBO = 0.469. Mild overfitting \u2014 treat winners as one candidate, not the answer."
  },
  "cluster": {
    "top_k": 15,
    "median_top_dist": 2.5682641900892857,
    "median_random_dist": 4.341632036540176,
    "ratio": 0.5915434952741694,
    "reasoning": "top-K is 0.59\u00d7 spread of random-K \u2014 tightly clustered, robust winner.",
    "numeric_params": [
      "EMA_ALPHA",
      "MR_K",
      "MR_MAX_FRAC",
      "MR_MM_LEVELS",
      "MR_MM_LEVEL_SIZE",
      "MR_TAKE_MAX",
      "MR_TAKE_Z",
      "OBI_SKEW_1",
      "OBI_SKEW_2",
      "OBI_SKEW_3",
      "VAR_ALPHA",
      "VEV_BASE_SIZE"
    ]
  },
  "importance": {
    "importances": {
      "MR_TAKE_Z": 0.9251142725764405,
      "EMA_ALPHA": 0.02662077288288525,
      "MR_MM_LEVEL_SIZE": 0.01626020053038882,
      "MR_K": 0.0072054208780500985,
      "VAR_ALPHA": 0.006539948635674395,
      "MR_MAX_FRAC": 0.0049144335316123975,
      "MR_TAKE_MAX": 0.002661442169807015,
      "VEV_BASE_SIZE": 0.0019988381010337714,
      "INCLUDE_5500_MR": 0.001884021737410929,
      "MR_MM_LEVELS": 0.0017288449547226835,
      "OBI_SKEW_1": 0.0015498576841053862,
      "OBI_SKEW_3": 0.0013499849858223758,
      "OBI_SKEW_2": 0.0012966471313365752,
      "OBI_CONFIRM_TAKE": 0.0004972575776432857,
      "INCLUDE_5400_MR": 0.0003780566230666779
    },
    "reasoning": "param importances (fANOVA, normalized to sum 1):\n  MR_TAKE_Z            0.925\n  EMA_ALPHA            0.027\n  MR_MM_LEVEL_SIZE     0.016\n  MR_K                 0.007\n  VAR_ALPHA            0.007\n  MR_MAX_FRAC          0.005\n  MR_TAKE_MAX          0.003\n  VEV_BASE_SIZE        0.002\n  INCLUDE_5500_MR      0.002\n  MR_MM_LEVELS         0.002\n  OBI_SKEW_1           0.002\n  OBI_SKEW_3           0.001\n  OBI_SKEW_2           0.001\n  OBI_CONFIRM_TAKE     0.000\n  INCLUDE_5400_MR      0.000"
  }
}