{
  "test_seed": 10042,
  "test_sessions": 100,
  "results": {
    "4": {
      "score": -2.4654898814924655,
      "n_sessions": 100,
      "pnl_mean": 6866.975762062811,
      "pnl_std": 16299.241954525734,
      "parts": {
        "sharpe": 0.42130644978591103,
        "cvar_5": -28867.963312783766,
        "mean_pnl": 6866.975762062811,
        "std_pnl": 16299.241954525734,
        "median_pnl": 8110.543844558184,
        "p05_pnl": -21189.322306944785
      },
      "symbol_means": {
        "HYDROGEL_PACK": 5136.710160458863,
        "VELVETFRUIT_EXTRACT": 305.9883450378731,
        "VEV_4000": 1442.0900274272392,
        "VEV_4500": 962.5269094833144,
        "VEV_5000": 75.51100063265571,
        "VEV_5100": -622.4582482883824,
        "VEV_5200": -475.1177656379709,
        "VEV_5300": 41.72533294922144
      }
    },
    "3": {
      "score": -5.673009379730281,
      "n_sessions": 100,
      "pnl_mean": -4185.228727169934,
      "pnl_std": 24881.108882844732,
      "parts": {
        "sharpe": -0.1682090917601991,
        "cvar_5": -55048.00287970081,
        "mean_pnl": -4185.228727169934,
        "std_pnl": 24881.108882844732,
        "median_pnl": -4090.4263668009944,
        "p05_pnl": -40505.01898709151
      },
      "symbol_means": {
        "HYDROGEL_PACK": 5206.065412459395,
        "VELVETFRUIT_EXTRACT": -1138.6174477137486,
        "VEV_4000": 1442.0900274272392,
        "VEV_4500": 962.5269094833144,
        "VEV_5000": -5900.554826669075,
        "VEV_5100": -2623.0894704868774,
        "VEV_5200": -2136.2706924316835,
        "VEV_5300": 2.621360761502774
      }
    },
    "1": {
      "score": -7.060188323020932,
      "n_sessions": 100,
      "pnl_mean": -3375.7566766200853,
      "pnl_std": 28779.95993589174,
      "parts": {
        "sharpe": -0.11729539179830996,
        "cvar_5": -69428.92931222622,
        "mean_pnl": -3375.7566766200853,
        "std_pnl": 28779.95993589174,
        "median_pnl": -2362.2245017487667,
        "p05_pnl": -48398.568958011056
      },
      "symbol_means": {
        "HYDROGEL_PACK": 5153.755397557718,
        "VELVETFRUIT_EXTRACT": -1875.4548122172482,
        "VEV_4000": 1442.0900274272392,
        "VEV_4500": 962.5269094833144,
        "VEV_5000": -2026.3069652003003,
        "VEV_5100": -2902.2289982986053,
        "VEV_5200": -2650.3340888631787,
        "VEV_5300": -1479.804146509025
      }
    },
    "2": {
      "score": -6.936196526602443,
      "n_sessions": 100,
      "pnl_mean": -7479.866410709973,
      "pnl_std": 26707.630282395472,
      "parts": {
        "sharpe": -0.2800647729364586,
        "cvar_5": -66561.31753665984,
        "mean_pnl": -7479.866410709973,
        "std_pnl": 26707.630282395472,
        "median_pnl": -3807.660703925915,
        "p05_pnl": -56720.93701136367
      },
      "symbol_means": {
        "HYDROGEL_PACK": 5106.672966816884,
        "VELVETFRUIT_EXTRACT": -3086.159237202384,
        "VEV_4000": 1442.2521230566435,
        "VEV_4500": 962.5269094833144,
        "VEV_5000": -3898.481973964468,
        "VEV_5100": -4177.335342551659,
        "VEV_5200": -2579.4272200156893,
        "VEV_5300": -1249.9146363326163
      }
    },
    "0": {
      "score": -11.409553347771498,
      "n_sessions": 100,
      "pnl_mean": -37874.00508562077,
      "pnl_std": 30734.20546885151,
      "parts": {
        "sharpe": -1.2323079288321053,
        "cvar_5": -101772.45418939392,
        "mean_pnl": -37874.00508562077,
        "std_pnl": 30734.20546885151,
        "median_pnl": -36953.915480261865,
        "p05_pnl": -83103.18624803516
      },
      "symbol_means": {
        "HYDROGEL_PACK": 5204.084836199905,
        "VELVETFRUIT_EXTRACT": -10922.533295395191,
        "VEV_4000": 1442.0900274272392,
        "VEV_4500": 962.5269094833144,
        "VEV_5000": -14679.600119144907,
        "VEV_5100": -10446.408752132736,
        "VEV_5200": -6414.835297577147,
        "VEV_5300": -3019.3293944812463
      }
    }
  }
}