{
  "n_completed_trials": 5,
  "n_trials_with_pnl_matrix": 5,
  "best_trial": {
    "number": 4,
    "value": -1.9244663587817752,
    "params": {
      "EMA_ALPHA": 0.0002991458577022439,
      "VAR_ALPHA": 0.025382503742122524,
      "MR_K": 0.3750594429571047,
      "MR_MAX_FRAC": 0.5017269679215809,
      "MR_TAKE_Z": 2.0016414246147542,
      "MR_TAKE_MAX": 74,
      "MR_MM_LEVEL_SIZE": 31,
      "MR_MM_LEVELS": 2,
      "OBI_SKEW_1": 0.19254902335954438,
      "OBI_SKEW_2": 0.42348041296718,
      "OBI_SKEW_3": 0.6497419704202525,
      "VEV_BASE_SIZE": 14,
      "OBI_CONFIRM_TAKE": true,
      "INCLUDE_5400_MR": true,
      "INCLUDE_5500_MR": true
    }
  },
  "dsr": {
    "sharpe": 0.47369513019658216,
    "probability": 0.020394385395581915,
    "expected_max_sr_under_null": 0.7299742565785778,
    "n_trials": 5,
    "n_sessions": 65,
    "skew": -0.1144752149703285,
    "kurt_excess": -0.8870567591390786,
    "reasoning": "SR=0.474 vs null-max SR0=0.730; z=-2.05; P(true SR > 0)=0.020. Below the 0.95 threshold \u2014 flag."
  },
  "pbo": {
    "pbo": 0.0,
    "n_trials": 5,
    "n_sessions": 65,
    "n_partitions_used": 2,
    "reasoning": "best-in-A below median in B: 0/2 partitions \u2192 PBO = 0.000. Winners generalize."
  },
  "cluster": {
    "top_k": 2,
    "median_top_dist": 5.4550712381358215,
    "median_random_dist": 5.4550712381358215,
    "ratio": 1.0,
    "reasoning": "top-K is 1.00\u00d7 spread of random-K \u2014 moderate clustering.",
    "numeric_params": [
      "EMA_ALPHA",
      "MR_K",
      "MR_MAX_FRAC",
      "MR_MM_LEVELS",
      "MR_MM_LEVEL_SIZE",
      "MR_TAKE_MAX",
      "MR_TAKE_Z",
      "OBI_SKEW_1",
      "OBI_SKEW_2",
      "OBI_SKEW_3",
      "VAR_ALPHA",
      "VEV_BASE_SIZE"
    ]
  },
  "importance": {
    "importances": {
      "VAR_ALPHA": 0.2111633466251388,
      "VEV_BASE_SIZE": 0.11042415950118871,
      "OBI_SKEW_1": 0.10415452253790733,
      "MR_MAX_FRAC": 0.09349556545362356,
      "MR_K": 0.07983714781701955,
      "EMA_ALPHA": 0.061805117390889584,
      "OBI_SKEW_2": 0.05357628443737063,
      "MR_MM_LEVELS": 0.04794770630438144,
      "INCLUDE_5500_MR": 0.04601195062567951,
      "OBI_CONFIRM_TAKE": 0.03872765032226549,
      "MR_MM_LEVEL_SIZE": 0.038212483043139164,
      "MR_TAKE_MAX": 0.03359033539262729,
      "OBI_SKEW_3": 0.032026899648212495,
      "MR_TAKE_Z": 0.03193963705382227,
      "INCLUDE_5400_MR": 0.017087193846734277
    },
    "reasoning": "param importances (fANOVA, normalized to sum 1):\n  VAR_ALPHA            0.211\n  VEV_BASE_SIZE        0.110\n  OBI_SKEW_1           0.104\n  MR_MAX_FRAC          0.093\n  MR_K                 0.080\n  EMA_ALPHA            0.062\n  OBI_SKEW_2           0.054\n  MR_MM_LEVELS         0.048\n  INCLUDE_5500_MR      0.046\n  OBI_CONFIRM_TAKE     0.039\n  MR_MM_LEVEL_SIZE     0.038\n  MR_TAKE_MAX          0.034\n  OBI_SKEW_3           0.032\n  MR_TAKE_Z            0.032\n  INCLUDE_5400_MR      0.017"
  }
}