{
  "per_day_smile": {
    "0": {
      "a": 0.2659438430038639,
      "b": -0.003915716425367172,
      "c": 0.04018466628109216,
      "resid_std": 0.007977945552587642
    },
    "1": {
      "a": 0.2506256683868036,
      "b": 0.0044987042189551935,
      "c": 0.012604701779952715,
      "resid_std": 0.010120503380511034
    },
    "2": {
      "a": 0.22952442009749058,
      "b": 0.005586505022099505,
      "c": 0.03185200929014842,
      "resid_std": 0.010200132158719863
    }
  },
  "pooled_smile": {
    "a": 0.24874922943238548,
    "b": 0.0033068871733395525,
    "c": 0.027240641751624436,
    "resid_std": 0.017890750427304647
  },
  "butterflies": [
    {
      "triple": [
        5000,
        5100,
        5200
      ],
      "per_day": {
        "0": {
          "n": 10000,
          "bf_mean": 14.515,
          "bf_std": 1.5825534580369645,
          "bf_min": 9.5,
          "n_neg": 0,
          "theo_mean": 16.56795763675028,
          "dev_mean": -2.052957636750279,
          "dev_std": 0.953584061557223
        },
        "1": {
          "n": 10000,
          "bf_mean": 18.42505,
          "bf_std": 1.9704049703232855,
          "bf_min": 13.5,
          "n_neg": 0,
          "theo_mean": 16.405626254807657,
          "dev_mean": 2.019423745192346,
          "dev_std": 1.1816113065324179
        },
        "2": {
          "n": 10000,
          "bf_mean": 17.94075,
          "bf_std": 2.2738582806868295,
          "bf_min": 11.5,
          "n_neg": 0,
          "theo_mean": 15.811521419997124,
          "dev_mean": 2.1292285800028754,
          "dev_std": 1.1450370137837003
        }
      },
      "pooled_bf_mean": 16.960266666666666,
      "pooled_bf_std": 1.9422722363490266,
      "n_neg_total": 0,
      "n_total": 30000
    },
    {
      "triple": [
        5100,
        5200,
        5300
      ],
      "per_day": {
        "0": {
          "n": 10000,
          "bf_mean": 22.0584,
          "bf_std": 1.2231267489121438,
          "bf_min": 19.0,
          "n_neg": 0,
          "theo_mean": 22.786715161251696,
          "dev_mean": -0.7283151612516957,
          "dev_std": 1.234735478625018
        },
        "1": {
          "n": 10000,
          "bf_mean": 21.6355,
          "bf_std": 1.4563316381181926,
          "bf_min": 18.0,
          "n_neg": 0,
          "theo_mean": 22.708617901956114,
          "dev_mean": -1.0731179019561106,
          "dev_std": 1.6314511719855844
        },
        "2": {
          "n": 10000,
          "bf_mean": 23.70965,
          "bf_std": 1.7511220746572853,
          "bf_min": 19.5,
          "n_neg": 0,
          "theo_mean": 22.410828279301395,
          "dev_mean": 1.298821720698604,
          "dev_std": 1.4344421961804026
        }
      },
      "pooled_bf_mean": 22.46785,
      "pooled_bf_std": 1.4768601538958739,
      "n_neg_total": 0,
      "n_total": 30000
    },
    {
      "triple": [
        5200,
        5300,
        5400
      ],
      "per_day": {
        "0": {
          "n": 10000,
          "bf_mean": 18.15315,
          "bf_std": 1.0041020364434876,
          "bf_min": 14.5,
          "n_neg": 0,
          "theo_mean": 21.852851926089446,
          "dev_mean": -3.6997019260894457,
          "dev_std": 1.130664035274571
        },
        "1": {
          "n": 10000,
          "bf_mean": 16.96425,
          "bf_std": 1.652292330217159,
          "bf_min": 13.0,
          "n_neg": 0,
          "theo_mean": 21.92646344596851,
          "dev_mean": -4.962213445968505,
          "dev_std": 1.7069575311220992
        },
        "2": {
          "n": 10000,
          "bf_mean": 18.82505,
          "bf_std": 1.41995391629885,
          "bf_min": 14.5,
          "n_neg": 0,
          "theo_mean": 22.179299103623222,
          "dev_mean": -3.354249103623224,
          "dev_std": 1.3445414727925136
        }
      },
      "pooled_bf_mean": 17.98081666666667,
      "pooled_bf_std": 1.3587827609864986,
      "n_neg_total": 0,
      "n_total": 30000
    },
    {
      "triple": [
        5300,
        5400,
        5500
      ],
      "per_day": {
        "0": {
          "n": 10000,
          "bf_mean": 20.01695,
          "bf_std": 3.3023519270854576,
          "bf_min": 12.5,
          "n_neg": 0,
          "theo_mean": 14.927119271990424,
          "dev_mean": 5.089830728009575,
          "dev_std": 2.760636678943566
        },
        "1": {
          "n": 10000,
          "bf_mean": 22.17165,
          "bf_std": 2.154187858575246,
          "bf_min": 16.5,
          "n_neg": 0,
          "theo_mean": 15.078915288204398,
          "dev_mean": 7.092734711795603,
          "dev_std": 1.4072570651011462
        },
        "2": {
          "n": 10000,
          "bf_mean": 22.30375,
          "bf_std": 2.559534344193473,
          "bf_min": 15.5,
          "n_neg": 0,
          "theo_mean": 15.631443984219482,
          "dev_mean": 6.672306015780519,
          "dev_std": 1.477356035203988
        }
      },
      "pooled_bf_mean": 21.49745,
      "pooled_bf_std": 2.6720247099513923,
      "n_neg_total": 0,
      "n_total": 30000
    }
  ],
  "vertical_spreads": [
    {
      "pair": [
        5100,
        5300
      ],
      "per_day": {
        "0": {
          "n": 10000,
          "mkt_mean": 119.2152,
          "theo_mean": 119.6598063098477,
          "dev_mean": -0.4446063098476955,
          "dev_std": 0.6600565672098386,
          "half_life": 1.8710261504254755
        },
        "1": {
          "n": 10000,
          "mkt_mean": 118.074,
          "theo_mean": 120.47977302056454,
          "dev_mean": -2.405773020564527,
          "dev_std": 0.9451909632994485,
          "half_life": 4.23040708111454
        },
        "2": {
          "n": 10000,
          "mkt_mean": 122.84735,
          "theo_mean": 123.49304626229909,
          "dev_mean": -0.645696262299076,
          "dev_std": 1.2667687117956559,
          "half_life": 7.683887780523769
        }
      },
      "pooled_dev_mean": -1.165358530903766,
      "pooled_dev_std": 0.9573387474349809,
      "pooled_half_life": 4.595107004021261,
      "snr": 1.0634965401200114,
      "ev_per_day_mr": 3386.248985574422,
      "daily_sharpe_mr": 81.4670024471502
    },
    {
      "pair": [
        5100,
        5400
      ],
      "per_day": {
        "0": {
          "n": 10000,
          "mkt_mean": 149.64045,
          "theo_mean": 146.24349995805622,
          "dev_mean": 3.39695004194375,
          "dev_std": 1.3971114832819196,
          "half_life": 8.497663392910042
        },
        "1": {
          "n": 10000,
          "mkt_mean": 149.329,
          "theo_mean": 147.4388871339002,
          "dev_mean": 1.8901128660997693,
          "dev_std": 0.7581575037932197,
          "half_life": 2.2690284919201997
        },
        "2": {
          "n": 10000,
          "mkt_mean": 153.59115,
          "theo_mean": 151.8548561501747,
          "dev_mean": 1.7362938498253082,
          "dev_std": 1.3808219323161215,
          "half_life": 8.113984624581288
        }
      },
      "pooled_dev_mean": 2.341118919289609,
      "pooled_dev_std": 1.1786969731304202,
      "pooled_half_life": 6.29355883647051,
      "snr": 1.678293959678399,
      "ev_per_day_mr": 5974.337058789866,
      "daily_sharpe_mr": 103.82437374183613
    },
    {
      "pair": [
        5200,
        5300
      ],
      "per_day": {
        "0": {
          "n": 10000,
          "mkt_mean": 48.5784,
          "theo_mean": 48.436545574298,
          "dev_mean": 0.14185442570200005,
          "dev_std": 0.7256797057321667,
          "half_life": 2.7228220889154278
        },
        "1": {
          "n": 10000,
          "mkt_mean": 48.21925,
          "theo_mean": 48.88557755930422,
          "dev_mean": -0.6663275593042083,
          "dev_std": 1.0382948297056198,
          "half_life": 5.754318613603738
        },
        "2": {
          "n": 10000,
          "mkt_mean": 49.56885,
          "theo_mean": 50.54110899149884,