{
  "atm_iv": 0.23191586677818826,
  "smile_a": 0.22952442009749063,
  "smile_b": 0.04357235171166418,
  "smile_c": 1.9376638984839945,
  "resid_std": 0.01020013215871986,
  "per_strike_iv_mean": {
    "VEV_5000": 0.2326324968421522,
    "VEV_5100": 0.2264345648643634,
    "VEV_5200": 0.23235801924091615,
    "VEV_5300": 0.2369550162292852,
    "VEV_5400": 0.22019382795557904,
    "VEV_5500": 0.24063669286438213
  },
  "T_years_day_2": 0.01643835616438356
}