{
  "n_completed_trials": 142,
  "n_trials_with_pnl_matrix": 142,
  "best_trial": {
    "number": 102,
    "value": 104119.38065429687,
    "params": {
      "SIGNAL_MIN_COUNT": 1490,
      "SIGNAL_EDGE_ON": 0.21720314064350354,
      "SIGNAL_EDGE_OFF": 0.03795656559966917,
      "ACO_SOFT_POS": 55,
      "IPR_ASK_OFFSET_1": 9,
      "IPR_ASK_THRESH_1": 64
    }
  },
  "dsr": {
    "sharpe": 105.10675384659847,
    "probability": 1.0,
    "expected_max_sr_under_null": 2.737319115744405,
    "n_trials": 142,
    "n_sessions": 70,
    "skew": 0.2453442056643795,
    "kurt_excess": -0.5022677016295836,
    "reasoning": "SR=105.107 vs null-max SR0=2.737; z=850344389.37; P(true SR > 0)=1.000. Pass."
  },
  "pbo": {
    "pbo": 0.0,
    "n_trials": 142,
    "n_sessions": 70,
    "n_partitions_used": 64,
    "reasoning": "best-in-A below median in B: 0/64 partitions \u2192 PBO = 0.000. Winners generalize."
  },
  "cluster": {
    "top_k": 10,
    "median_top_dist": 1.443240340873087,
    "median_random_dist": 1.9690491287092102,
    "ratio": 0.7329630936223457,
    "reasoning": "top-K is 0.73\u00d7 spread of random-K \u2014 moderate clustering.",
    "numeric_params": [
      "ACO_SOFT_POS",
      "IPR_ASK_OFFSET_1",
      "IPR_ASK_THRESH_1",
      "SIGNAL_EDGE_OFF",
      "SIGNAL_EDGE_ON",
      "SIGNAL_MIN_COUNT"
    ]
  },
  "importance": {
    "importances": {
      "IPR_ASK_OFFSET_1": 0.8962782283367987,
      "SIGNAL_MIN_COUNT": 0.05915868204233435,
      "ACO_SOFT_POS": 0.03235051415730241,
      "SIGNAL_EDGE_ON": 0.0043907875294967955,
      "IPR_ASK_THRESH_1": 0.004039831916615753,
      "SIGNAL_EDGE_OFF": 0.0037819560174519313
    },
    "reasoning": "param importances (fANOVA, normalized to sum 1):\n  IPR_ASK_OFFSET_1     0.896\n  SIGNAL_MIN_COUNT     0.059\n  ACO_SOFT_POS         0.032\n  SIGNAL_EDGE_ON       0.004\n  IPR_ASK_THRESH_1     0.004\n  SIGNAL_EDGE_OFF      0.004"
  }
}